"","height","size","mean","sd","variation","fraction"
"1",120,20,117735302889.312,1576880123.23884,0.0133934349726975,0.997756804146714
"2",120,40,118195259407.425,1655748807.87561,0.0140085889753679,1.00165474074089
"3",120,60,117896775784.792,1664160449.65273,0.0141154025508761,0.999125218515189
"4",120,80,117865809082.825,1730155648.77354,0.0146790291623736,0.998862788837499
"5",120,100,117824684812.433,1669590943.74162,0.0141701286653087,0.998514278071468
"6",120,120,117794186005.281,1779725200.93153,0.0151087694672107,0.99825581360408
"7",120,140,117736591291.046,1771715183.22846,0.0150481270419045,0.997767722805478
"8",120,160,117761517831.389,1757111893.52533,0.0149209344944175,0.997978964672788
"9",120,180,117723208923.601,1825329289.37158,0.0155052627775053,0.997654312911869
"10",120,200,117700539351.148,1825141881.32414,0.0155066569056155,0.997462197891081
"11",120,250,117774566602.651,1813736141.43137,0.0154000663619555,0.998089547480095
"12",120,300,117853415227.443,1875001694.15762,0.0159096084787962,0.998757756164775
"13",120,350,117903661082.729,1912735077.95491,0.0162228641620621,0.9991835684977
"14",120,400,117914469964.395,1941406729.36397,0.0164645334024755,0.999275169189784
"15",120,450,117889710329.949,1937597429.44711,0.0164356789411406,0.999065341779229
"16",120,500,117920239197.671,1942898417.69148,0.0164763778543104,0.999324060997209
"17",120,550,117897386750.316,1937205595.7634,0.0164312852825655,0.999130396189118
"18",120,600,117902308160.075,1913374843.86105,0.0162284765558896,0.999172103051486
"19",120,650,117895909130.675,1904284075.17695,0.0161522489560368,0.999117873988768
"20",120,700,117906964842.553,1893295765.32656,0.0160575396699827,0.999211566462317
"21",120,750,117888248050.446,1898046574.38592,0.0161003883404368,0.999052949580049
"22",120,800,117904267950.379,1887815193.00244,0.0160114237238378,0.999188711443893
"23",120,850,117884931458.862,1895702653.0483,0.0160809581817489,0.999024842871713
"24",120,900,117880338980.715,1903242581.1413,0.0161455472354272,0.998985923565381
"25",120,950,117885751353.175,1896673985.79071,0.0160890859499079,0.999031791128604
"26",120,1000,117859149541.592,1917930736.01638,0.0162730746274353,0.998806352047392
"27",115,20,184131540146.105,3124528068.17456,0.0169689998014208,0.99530562241138
"28",115,40,184936164633.412,2768274255.14861,0.014968809700558,0.999654943964389
"29",115,60,184813275131.513,2711926987.50982,0.0146738754863795,0.998990676386558
"30",115,80,184606768544.006,2865270255.95425,0.0155209382546081,0.997874424562197
"31",115,100,184543519542.914,2794804064.35683,0.0151444172695911,0.997532538069803
"32",115,120,184566109818.303,2746672717.14745,0.0148817825756387,0.997654647666504
"33",115,140,184552970329.089,2696612765.90483,0.0146115923308972,0.997583623400483
"34",115,160,184621040594.092,2673183300.65674,0.0144792992827617,0.997951570778875
"35",115,180,184691421008.899,2705067404.17664,0.0146464161107207,0.998332005453508
"36",115,200,184633450749.43,2754800072.79842,0.0149203736463606,0.998018652699621
"37",115,250,184516290264.525,2781899560.97537,0.0150767152156983,0.997385352781216
"38",115,300,184456148319.209,2741294145.28093,0.0148614951047173,0.997060261184914
"39",115,350,184494530456.932,2885821770.59676,0.0156417741135715,0.997267732199632
"40",115,400,184483256491.462,2885879056.93602,0.0156430405220518,0.997206791845742
"41",115,450,184455562605.997,2923550280.85795,0.0158496184097345,0.997057095167554
"42",115,500,184451027202.034,2891932557.27245,0.0156785928554621,0.997032579470453
"43",115,550,184407606062.876,2894600544.27547,0.0156967524608964,0.996797870610139
"44",115,600,184399883842.666,2871270184.93144,0.0155708893362496,0.996756128879278
"45",115,650,184400020926.081,2862795180.17715,0.0155249178703984,0.996756869870709
"46",115,700,184403548826.817,2838096608.98057,0.0153906832435528,0.996775939604418
"47",115,750,184461028592.81,2835471144.20457,0.0153716541962029,0.997086641042215
"48",115,800,184469072798.858,2851182291.8597,0.0154561534277813,0.99713012323707
"49",115,850,184447569539.561,2884677475.39447,0.0156395526522552,0.997013889403033
"50",115,900,184501160382.577,2905478314.91231,0.0157477509024202,0.997303569635553
"51",115,950,184515525366.698,2894448562.81113,0.0156867480774793,0.997381218198366
"52",115,1000,184527496719.005,2886844317.99347,0.0156445211110705,0.997445928210838
"53",110,20,291073360592.835,4391625700.46644,0.0150876936711828,1.00025209825716
"54",110,40,290999120865.864,3944178259.8197,0.0135539181289752,0.999996978920496
"55",110,60,291476856887.715,3915093633.37489,0.0134319193474873,1.00163868346294
"56",110,80,291202281029.118,3807716028.14689,0.013075845473086,1.0006951238114
"57",110,100,291152471590.049,3968895073.11756,0.0136316722693183,1.00052395735412
"58",110,120,290924430584.16,3921898773.46525,0.0134808161885555,0.999740311285772
"59",110,140,290761139588.741,3829450525.46406,0.0131704344359103,0.99917917384447
"60",110,160,290839922233.581,4038961813.70836,0.013887233164863,0.999449904582754
"61",110,180,290845492567.871,4022583916.23409,0.013830655860329,0.999469046624987
"62",110,200,290670597680.375,4130134389.32909,0.0142089857807725,0.998868033265895
"63",110,250,290676059414.071,4219711579.84245,0.0145168872467458,0.998886802110209
"64",110,300,290568985540.723,4286045313.24123,0.0147505257839727,0.998518850655406
"65",110,350,290559150402.175,4349783403.57942,0.0149703886370769,0.998485052928435
"66",110,400,290552944569.358,4365380725.33705,0.0150243898983959,0.998463727042466
"67",110,450,290522478326.717,4369064973.44834,0.0150386469185182,0.998359032050573
"68",110,500,290529725219.706,4409233581.90487,0.0151765316907607,0.998383935462908
"69",110,550,290614606930,4482032664.80422,0.0154225994080325,0.998675625189005
"70",110,600,290657759792.955,4482937663.26816,0.0154234232950171,0.99882391681428
"71",110,650,290665765741.035,4478539027.40377,0.0154078655117365,0.998851428663351
"72",110,700,290660368845.366,4481625886.33375,0.0154187717580377,0.998832882630123
"73",110,750,290652216439.81,4451453181.01312,0.0153153938942521,0.998804867490757
"74",110,800,290692136546.606,4489267514.4154,0.0154433744501914,0.998942049988336
"75",110,850,290679861523.473,4503253085.19936,0.0154921399150168,0.998899867778258
"76",110,900,290700375121.857,4529446740.59744,0.0155811520322214,0.998970361243495
"77",110,950,290649341671.284,4560882628.84007,0.0156920452756377,0.998794988561114
"78",110,1000,290654681509.86,4544871087.07517,0.0156366691341973,0.998813338521855
"79",105,20,420291852033.948,6217824662.02483,0.0147940642482943,1.01031695200468
"80",105,40,418901794036.963,6697104419.3266,0.0159872898962463,1.00697546643501
"81",105,60,417928307007.262,6967062701.01724,0.0166704733424438,1.00463535338284
"82",105,80,416961858415.236,6756860415.54678,0.0162049844108712,1.00231215965201
"83",105,100,416736377261.358,6938679840.12859,0.0166500459732532,1.0017701376475
"84",105,120,416414888398.185,6893468455.15841,0.0165543275401977,1.00099732788025
"85",105,140,416433904705.556,6920419531.63292,0.016618290329953,1.00104304015759
"86",105,160,416224729835.927,6931473617.59822,0.0166531998719311,1.00054021595175
"87",105,180,416020303841.586,6768494934.69977,0.0162696264393795,1.00004880731151
"88",105,200,415843312164.217,6772788571.1329,0.016286876265689,0.999623346548598
"89",105,250,415723332657.503,6596222308.84986,0.0158668561292522,0.999334934272844
"90",105,300,415672968603.604,6573447629.76294,0.0158139887032961,0.999213866835585
"91",105,350,415608579674.763,6679207457.4623,0.0160709085040765,0.999059085756641
"92",105,400,415720043489.038,6706889073.00306,0.0161331866914902,0.999327027617881
"93",105,450,415781065224.092,6598490540.29558,0.0158701083146709,0.999473714480991
"94",105,500,415663390198.105,6562109089.71322,0.0157870749372124,0.999190841822368
"95",105,550,415456866113.884,6677345865.53815,0.0160722963324615,0.998694389696837
"96",105,600,415481824725.082,6642231414.5747,0.0159868158347715,0.998754386358369
"97",105,650,415571022521.501,6703777268.88047,0.0161314839235058,0.998968804138224
"98",105,700,415668085582.415,6686721838.29999,0.0160866856759784,0.999202128803883
"99",105,750,415597332760.686,6644452023.27142,0.0159877157515289,0.999032049905495
"100",105,800,415535464542.254,6662751676.74927,0.016034134857993,0.998883328226571
"101",105,850,415608113418.02,6709149051.9672,0.0161429693871715,0.999057964947163
"102",105,900,415605422780.027,6622520227.26521,0.0159346338239922,0.999051497067372
"103",105,950,415605274450.708,6665969429.43003,0.0160391839065089,0.999051140506509
"104",105,1000,415652868709.456,6661380527.55896,0.0160263071159394,0.999165549782345
"105",100,20,658847411899.426,9211851713.71011,0.0139817680806437,1.00587391129683
"106",100,40,657757253931.419,10102059276.5078,0.0153583395943226,1.0042095479869
"107",100,60,658238248305.285,10405186629.5355,0.0158076299217265,1.00494389054242
"108",100,80,658022791344.866,9857341483.84513,0.01498024325829,1.00461494861812
"109",100,100,657988834619.833,10064855559.9979,0.0152963926292352,1.00456310628982
"110",100,120,657948001346.599,9829614443.79171,0.0149398043974201,1.00450076541465
"111",100,140,658448969624.236,9987995724.35414,0.0151689746436297,1.00526560247975
"112",100,160,658133140360.34,10121577345.2744,0.0153792245437338,1.00478342039747
"113",100,180,658019566290.38,10060153174.3034,0.0152885319672454,1.00461002487081
"114",100,200,657864484436.54,10132432701.5365,0.0154020059468857,1.00437325868174
"115",100,250,657016194176.307,10299735035.0874,0.0156765314559712,1.0030781590478
"116",100,300,657100561751.711,10387193989.6877,0.0158076169680899,1.00320696450643
"117",100,350,656877460731.54,10297915115.1006,0.0156770717991026,1.00286635226189
"118",100,400,656946350171.466,10346527017.4532,0.0157494246139775,1.00297152697934
"119",100,450,656944548033.596,10643300860.1487,0.0162012165136416,1.00296877562381
"120",100,500,657047551156.017,10663787058.1637,0.0162298558748171,1.00312603229926
"121",100,550,657063738418.174,10599811864.6084,0.0161320907620417,1.0031507456766
"122",100,600,657127879365.588,10589851672.4839,0.0161153589811282,1.00324867078716
"123",100,650,657002278506.036,10527189227.2597,0.0160230634986497,1.00305691374967
"124",100,700,657120163028.213,10563957840.4431,0.0160761431999912,1.00323689011941
"125",100,750,657155117882.251,10672859323.9411,0.0162410046479368,1.00329025630878
"126",100,800,657186294556.432,10666234340.5505,0.0162301533505803,1.00333785428463
"127",100,850,657285133287.749,10858182607.6906,0.0165197447162358,1.00348875311107
"128",100,900,657290708376.082,10783208374.2496,0.0164055390359782,1.00349726469631
"129",100,950,657349194746.133,10759766618.6991,0.0163684183455257,1.00358655686432
"130",100,1000,657401879941.643,10794042788.2919,0.0164192453925597,1.00366699227732
"131",95,20,612689276644.691,11524187516.8933,0.018809187554259,0.99949311035023
"132",95,40,613164898639.009,11949401679.3243,0.0194880719784308,1.00026900267375
"133",95,60,613635335938.892,11806505995.1912,0.0192402642151086,1.00103643709444
"134",95,80,613374351431.644,11894625348.9627,0.0193921140021589,1.00061068749045
"135",95,100,614000168393.107,12304527558.904,0.020039941668267,1.00163159607358
"136",95,120,614013672303.486,12348141172.0776,0.020110531294447,1.00165362529117
"137",95,140,614355776989.464,12703143334.0989,0.0206771773130356,1.00221170797629
"138",95,160,614036238519.452,12421049673.2088,0.02022852869915,1.00169043804152
"139",95,180,614510013575.69,12383817323.6145,0.0201523442255334,1.00246331741548
"140",95,200,614054698930.231,12272354842.1717,0.0199857681466356,1.00172055290413
"141",95,250,613462437001.628,11817637630.8287,0.0192638324990016,1.00075438336318
"142",95,300,613860458278.618,12238753053.3524,0.0199373536579832,1.00140368397817
"143",95,350,613222289757.8,12531673565.3369,0.0204357763483883,1.0003626260323
"144",95,400,613021000639.686,12550773186.2544,0.0204736431103628,1.00003425879231
"145",95,450,613019180291.434,12557280281.8866,0.020484318738472,1.0000312892193
"146",95,500,613032662463.126,12542515026.5562,0.0204597826421861,1.00005328297411
"147",95,550,613001792395.673,12577050802.6658,0.0205171517582574,1.00000292397337
"148",95,600,612970883836.371,12598402796.2904,0.0205530199370016,0.99995250218005
"149",95,650,613095181905.238,12777382513.7998,0.020840781155861,1.00015527227608
"150",95,700,612965413403.096,12783045395.5896,0.0208544317771861,0.999943578145345
"151",95,750,612998295957.457,12839285455.7964,0.0209450589674845,0.999997220158984
"152",95,800,613122171829.086,12935754797.2685,0.0210981683449452,1.00019930151564
"153",95,850,613289265295.065,12949863777.7002,0.021115425477845,1.00047188465753
"154",95,900,613276700459.567,13016992795.5432,0.0212253176841526,1.00045138737287
"155",95,950,613353425774.756,12911496484.9546,0.0210506633571753,1.00057655101918
"156",95,1000,613370330325.512,12877594240.951,0.0209948111349255,1.00060412777408
"157",90,20,145109695498.767,15265962606.4211,0.105202912554873,0.993902023964158
"158",90,40,146143979551.406,15514347513.5981,0.106157965324469,1.000986161311
"159",90,60,145346489753.996,15203901010.602,0.104604528367594,0.995523902424628
"160",90,80,145578363782.417,14851688715.9263,0.102018516557336,0.997112080701486
"161",90,100,145043436771.619,14333473236.2015,0.0988219360712651,0.993448197065886
"162",90,120,144996599439.616,14793156650.8698,0.102024162691005,0.993127393422026
"163",90,140,144933238582.481,15458410556.5302,0.106658836218117,0.992693414948503
"164",90,160,144095604987.171,15912199626.6616,0.110428070502763,0.98695619854227
"165",90,180,144281475324.033,16571020808.1915,0.114852033297938,0.988229283041322
"166",90,200,143852653763.35,16629398087.0534,0.11560021766724,0.985292149064041
"167",90,250,144357553263.35,16367883703.6948,0.113384324780256,0.988750364817466
"168",90,300,144166507164.004,16473355786.9758,0.114266178123021,0.987441829890435
"169",90,350,143874819112.157,16508428214.3506,0.114741608825111,0.985443966521621
"170",90,400,144084641741.971,16606783606.2336,0.115257139174995,0.986881107821718
"171",90,450,143699188189.406,17083744801.7303,0.11888546495623,0.984241014995932
"172",90,500,143767502770.832,17043705148.9693,0.118550470867796,0.984708923087887
"173",90,550,143761143140.791,16946325756.8283,0.117878345890948,0.984665363978022
"174",90,600,143558224530.254,17015046403.5364,0.118523661456614,0.983275510481192
"175",90,650,143767335762.376,16897502693.925,0.117533670665316,0.984707779194357
"176",90,700,143986775893.267,17024369497.9486,0.118235646241348,0.986210793789502
"177",90,750,143855727035.291,16957663906.729,0.117879658017153,0.985313198871856
"178",90,800,144121570639.369,16903765722.0546,0.117288242468245,0.987134045475129
"179",90,850,144270309036.161,16965871953.9719,0.117597806973017,0.98815280161754
"180",90,900,144175530029.853,16848991474.0175,0.116864432338336,0.987503630341461
"181",90,950,144284805765.877,16766390908.3681,0.116203440960886,0.988252094286831
"182",90,1000,144201146460.441,16806832188.325,0.116551307675876,0.987679085345489
"183",85,20,39588929265.366,35975223886.4019,0.908719294862932,1.2811951218565
"184",85,40,25992277736.2109,40394187509.2798,1.55408417527814,0.841174036770581
"185",85,60,24276838863.3676,39479353286.3819,1.62621474354942,0.785658215642965
"186",85,80,24244965030.5043,39872786923.3868,1.64458009624762,0.78462670001632
"187",85,100,25487237724.7585,40926365411.822,1.605759158909,0.824829699830373
"188",85,120,28030399039.5233,42174596122.1274,1.50460205945197,0.907132655000755
"189",85,140,30694916504.8569,43428745740.1413,1.41485140489858,0.993362993684689
"190",85,160,29851021753.7201,43204471643.1203,1.44733644293888,0.96605248393916
"191",85,180,29441997943.8572,42421335207.7518,1.44084430984082,0.952815467438744
"192",85,200,29677652228.3927,41257511871.4555,1.39018786101902,0.960441819689084
"193",85,250,29737428730.2819,42174456459.9446,1.41822808025759,0.962376334313331
"194",85,300,30501111499.6719,43070582019.5656,1.41209876958185,0.987090987044398
"195",85,350,32352877020.4481,43647278964.6063,1.34910038872338,1.04701867380091
"196",85,400,32523400025.1933,43520204380.7484,1.33811976444765,1.0525372176438
"197",85,450,33444073755.7854,43071726610.7216,1.2878732096227,1.082332484006
"198",85,500,32744948965.2185,42957444935.9669,1.31188003931831,1.05970708625302
"199",85,550,31826197951.9513,42949828289.787,1.34951175615225,1.02997404375247
"200",85,600,32483751564.8708,42877636094.4317,1.31997180217328,1.05125409595051
"201",85,650,32224776388.3622,42935446769.326,1.33237376892495,1.04287302227709
"202",85,700,32782845735.9808,42941142334.0468,1.30986622332535,1.06093351896378
"203",85,750,33081247094.1126,43066174958.0373,1.30183045504659,1.07059052084507
"204",85,800,32382039400.2859,42611289991.2121,1.31589272264414,1.0479624401387
"205",85,850,32540699313.3746,43055601756.5301,1.32313080742041,1.05309706515775
"206",85,900,33107960188.8716,43078271255.5551,1.30114543480799,1.07145502229358
"207",85,950,33269637185.7711,42663001276.6348,1.28234044268091,1.07668728756541
"208",85,1000,33416172964.2025,42602727261.1821,1.27491341712951,1.08142954576707
"209",80,20,-21304356130.9683,112764541761.783,-5.29302744793432,-2.10934219118498
"210",80,40,-6266685189.95016,114075340116.621,-18.2034579141717,-0.620463880193085
"211",80,60,4166417160.06941,109085748097.391,26.1821473718136,0.412516550501922
"212",80,80,-3258427686.80712,115668685069.826,-35.4983127408815,-0.32261660265417
"213",80,100,271704253.908151,109356696887.491,402.484301642397,0.0269014112780347
"214",80,120,-835429271.413005,108852988442.92,-130.295875626684,-0.0827157694468322
"215",80,140,6568208879.46217,111601139538.652,16.9911069496606,0.650317710837839
"216",80,160,3862256198.64976,116623870562.763,30.1957883072423,0.382401603826709
"217",80,180,1541270771.5407,113919925458.798,73.9129863242136,0.152601066489179
"218",80,200,3770078046.87383,115415242795.765,30.6134889943372,0.373275054145924
"219",80,250,3345068430.18498,115474293557.439,34.5207567401106,0.331194894077721
"220",80,300,2768456608.39215,115307615852.204,41.6505050152012,0.274104614692293
"221",80,350,4123344856.67831,116657852781.979,28.2920436773646,0.408251966007754
"222",80,400,2137093108.62898,117478048948.638,54.9709549267155,0.211593377091978
"223",80,450,1363300948.5536,117509576364.658,86.1948907827942,0.134980291936
"224",80,500,4461775909.76833,117610910160.543,26.3596631787475,0.441759991066172
"225",80,550,2655974084.36701,117832168962.127,44.3649543328319,0.262967731125446
"226",80,600,3389712414.53757,116996044042.986,34.5150354175243,0.335615090548275
"227",80,650,914861778.560656,117735979296.535,128.692641943975,0.0905803741149165
"228",80,700,2311843459.91637,118104109303.83,51.0865512097008,0.228895392070928
"229",80,750,2384072879.89723,117861074008.344,49.4368586640793,0.236046819791805
"230",80,800,2755101230.82444,117389830165.181,42.6081731051508,0.272782300081627
"231",80,850,3193805472.66786,117859363182.967,36.9024864512229,0.316218363630481
"232",80,900,2072303477.23452,118161832023.957,57.0195597903661,0.205178562102428
"233",80,950,2355306843.65907,118316073926.288,50.2338259003565,0.233198697391987
"234",80,1000,2032547379.40928,117401102203.456,57.7605734522048,0.201242314792998
"235",75,20,34979933777.0397,327023348422.288,9.34888414903008,4.60868692714621
"236",75,40,-9902705430.45545,294600587444.389,-29.7495052754325,-1.30470427278728
"237",75,60,-44047155120.38,293020748747.66,-6.65243301064144,-5.80331424510935
"238",75,80,-42524595860.4608,287693257534.481,-6.76533784068191,-5.60271355210288
"239",75,100,-21946910276.4186,279982621205.9,-12.7572682295391,-2.89155603114869
"240",75,120,-19123770965.8351,280569918659.366,-14.6712653670978,-2.51960091776484
"241",75,140,-10271037206.3665,285541479919.493,-27.8006470215588,-1.35323283351338
"242",75,160,-6519567479.69341,282245454134.916,-43.2920519672555,-0.858968047390436
"243",75,180,-9218309063.70411,283351148004.022,-30.737865919432,-1.2145334734788
"244",75,200,-11199799203.1359,286596439251.255,-25.5894265649878,-1.47559936800209
"245",75,250,-13842037381.5597,295610146098.458,-21.3559707974976,-1.82372034012644
"246",75,300,-16820382712.3401,303720659049.365,-18.0567032417487,-2.21612420452438
"247",75,350,-16816625932.5856,302170404053.682,-17.9685511983807,-2.21562924012986
"248",75,400,-4434290768.99749,297885163381.412,-67.177634237269,-0.584228032805993
"249",75,450,-5414297828.06563,295382089990.102,-54.5559367752093,-0.713346222406539
"250",75,500,-5634325977.35507,300431341798.433,-53.3216116720788,-0.742335438386702
"251",75,550,-1559502825.56539,297698007070.904,-190.892893677814,-0.205468092959867
"252",75,600,652937960.97201,296426636124.997,453.988975742374,0.086026081814494
"253",75,650,-1086191817.10053,294021890014.978,-270.690577286649,-0.14310827629783
"254",75,700,-1661011857.3481,294008667673.388,-177.005760899739,-0.218842141943096
"255",75,750,-1833290190.36909,290383620179.813,-158.394792982202,-0.241540209534794
"256",75,800,2392044026.55049,292887005577.48,122.442146685672,0.315157315751053
"257",75,850,1464311522.01413,292538623610.903,199.778953598973,0.192926419237699
"258",75,900,5929437627.01216,294238480247.592,49.6233367743273,0.781217078657728
"259",75,950,6862838326.86283,295175147052.537,43.0106514235005,0.904194772972705
"260",75,1000,7151044494.64913,294270207724.973,41.1506609901763,0.942166600085524
"261",70,20,157510957422.747,675010277303.933,4.28548139347701,34.5418766277955
"262",70,40,189178923556.917,760993587336.48,4.02261294772366,41.4866060431835
"263",70,60,88226063686.6018,732864016123.606,8.30666115544833,19.3478209839039
"264",70,80,145892887891.023,696769696343.846,4.77589899285776,31.9940543620664
"265",70,100,45461636486.5154,745133522133.857,16.3903805432714,9.96965712423582
"266",70,120,69607539363.2351,726352984985.617,10.4349757458781,15.2648112638673
"267",70,140,18518225070.6204,714421787805.587,38.5793878776771,4.06101426987289
"268",70,160,10494197728.759,707209147866.657,67.3904919790651,2.30135915104364
"269",70,180,22463005881.3406,720988478696.632,32.0967052452912,4.92609778099575
"270",70,200,20585656761.4428,726832038671.291,35.3076924916312,4.51439841259711
"271",70,250,-3331015671.65744,721994241325.879,-216.748977637391,-0.730485892907334
"272",70,300,3866141552.75357,709414120170.277,183.494088483391,0.84783805981438
"273",70,350,4774758385.44054,699158110956.501,146.427956038239,1.04709613715801
"274",70,400,-19219829646.4631,693712573812.134,-36.0935859772198,-4.21487492246997
"275",70,450,-33952202243.2198,685796605643.652,-20.1988843236407,-7.44565838667102
"276",70,500,-19785629808.6578,692033643080.835,-34.9765789501436,-4.33895390540742
"277",70,550,450626830.564641,687455979738.768,1525.55492285574,0.0988216733694389
"278",70,600,1780756767.97806,686517093432.279,385.519856376443,0.390516835082907
"279",70,650,-116270186.938225,695329922245.516,-5980.29417992548,-0.0254978480127687
"280",70,700,-7453607999.35499,702442421312.339,-94.2419324135541,-1.63456315775329
"281",70,750,1738493107.1127,698113109568.141,401.562195853381,0.381248488401908
"282",70,800,-8308673248.19518,698236557017.338,-84.0370701987841,-1.82207746670947
"283",70,850,-2965872015.6051,698182084645.217,-235.405331373604,-0.65041052973796
"284",70,900,-11788833036.0398,703567736894.142,-59.6808636396204,-2.5852704026403
"285",70,950,-16406053394.6089,703426363978.629,-42.8760255168849,-3.59781872688792
"286",70,1000,-14794761998.0887,699981760674.626,-47.3128098150587,-3.24446535045804
"287",65,20,-80852640946.2897,1624806383500.81,-20.0958974807041,-13.3861988321672
"288",65,40,61292397107.6896,1546706988968.32,25.2348914703203,10.1477478655115
"289",65,60,146244677977.897,1627769432958.06,11.1304524408339,24.2126950294531
"290",65,80,-6137589429.12407,1718232725257.13,-279.952373012078,-1.01615719025233
"291",65,100,-31538853527.3039,1703021092994.02,-53.9975586468187,-5.22166449127548
"292",65,120,83613773598.4687,1719315907951.74,20.562591950559,13.8433399997465
"293",65,140,109116725770.229,1663255028526.47,15.2428971524388,18.0656830745412
"294",65,160,114151371044.359,1663360163249.29,14.5715303112997,18.8992336166157
"295",65,180,73940586093.3631,1672036137006.95,22.6132388901504,12.2418188896297
"296",65,200,21428275892.948,1732575043764.17,80.8546171619138,3.54772779684569
"297",65,250,-27824951256.2212,1766518113157.16,-63.4868358578776,-4.60678000930814
"298",65,300,-37404250625.9476,1713724027608.09,-45.8162909008867,-6.19275672615027
"299",65,350,-16563624897.8706,1665428231771.2,-100.547328380112,-2.74232200295871
"300",65,400,-50386404669.358,1693284127812.86,-33.6059724626992,-8.34211997837054
"301",65,450,-9777299524.85967,1694903484542.25,-173.350880806383,-1.61875819948008
"302",65,500,4351891089.47032,1700131722267.12,390.665043613041,0.720511769779854
"303",65,550,8735990978.03531,1672425603016.06,191.440857393397,1.44635612219128
"304",65,600,-6710407412.606,1695228060180.67,-252.626697001445,-1.11099460473609
"305",65,650,-11387523528.2766,1703358947491.51,-149.581157243,-1.88535157752925
"306",65,700,-7551149426.33052,1689039610441.64,-223.679802249978,-1.2501903023726
"307",65,750,-18180270407.2806,1685433293323.07,-92.7067230335646,-3.00997854425175
"308",65,800,-43559980021.2446,1680873656347.59,-38.5875672010825,-7.21191722206037
"309",65,850,-29377115300.5138,1690811772521.37,-57.5554051248797,-4.86376081134334
"310",65,900,-35675858662.4656,1688131643878.83,-47.318598827585,-5.90659911630225
"311",65,950,-32649176040.6741,1688704660756.53,-51.7227344007933,-5.40549272196591
"312",65,1000,-28165509125.5406,1706544588534.91,-60.5898718510083,-4.66316376250672
"313",60,20,-1720481449333.42,3680701077959.56,-2.13934365836122,-269.667938766993
"314",60,40,-1291675619942.54,4030812347546.13,-3.12060728352636,-202.456993721402
"315",60,60,-637168073408.876,4060954515350.23,-6.37344318528696,-99.8696039825825
"316",60,80,-664102009823.283,3939462982370.2,-5.93201484726493,-104.091224110232
"317",60,100,-703501990221.947,3847825477964.04,-5.46953033743386,-110.266769627264
"318",60,120,-668224388055.857,3667181006930.14,-5.48794846832739,-104.737364899037
"319",60,140,-501147469017.945,3776705677714.4,-7.53611643517881,-78.5497600341606
"320",60,160,-433682335889.179,3709518530568.77,-8.55353843951967,-67.9752877569246
"321",60,180,-333299994027.008,3834824615390.24,-11.5056246148012,-52.2413783741392
"322",60,200,-168234385314.919,3813811460358.56,-22.6696311412168,-26.3690259114294
"323",60,250,-95122379737.4286,3652502788006.25,-38.3979332528102,-14.9094639086879
"324",60,300,-102534378855.097,3622948593436.16,-35.3339887937113,-16.0712192562848
"325",60,350,-139020522960.222,3679262741629.42,-26.4656085539412,-21.7900506207244
"326",60,400,-159341617243.17,3676439772099.58,-23.0726902092941,-24.9751751164844
"327",60,450,-163200660968.022,3690351736719.36,-22.6123577859924,-25.5800409040787
"328",60,500,-114587015461.592,3689285335352.79,-32.1963646621845,-17.9603472510332
"329",60,550,-137125020336.23,3688645316634.9,-26.8998706989457,-21.4929498959609
"330",60,600,-69282961952.4634,3653000920376.67,-52.7258191253872,-10.859398425151
"331",60,650,-79856140916.0363,3645617048155.21,-45.6523068399755,-12.5166365072157
"332",60,700,-20994585016.3006,3646699097126.08,-173.697126868415,-3.29068730663018
"333",60,750,-28395033001.764,3622103143263.19,-127.561152791693,-4.45063213193794
"334",60,800,-26793244410.6578,3688796354431.95,-137.676359678361,-4.1995680894448
"335",60,850,-30688369505.6667,3683926975469.46,-120.043098894166,-4.81008926421108
"336",60,900,1032179665.43247,3712781960894.55,3597.03071590635,0.16178364661951
"337",60,950,-4911613854.8378,3709023807321.96,-755.153787928316,-0.769845431792758
"338",60,1000,2974325186.30653,3729416297031.03,1253.86972285373,0.466195170267481
"339",55,20,-1652915723050.81,7296907720805.38,-4.41456731220233,-272.309015329623
"340",55,40,-144362413535.046,6473450069807.49,-44.8416586512385,-23.7829346845217
"341",55,60,-11048882691.6521,6015328302006.03,-544.428651283524,-1.82024426551106
"342",55,80,364902282848.142,6169471261754.68,16.9071873532843,60.1156973390679
"343",55,100,-357499242913.301,6667777323374.32,-18.6511648781068,-58.8960861471665
"344",55,120,252601872923.582,6716875911045.68,26.5907605248743,41.6148060829624
"345",55,140,476367690634.754,6729416664817.68,14.1265178078111,78.4790264637156
"346",55,160,672013007756.231,7039088376342.91,10.4746311382358,110.710544935129
"347",55,180,577954117051.049,7123820308438.01,12.3259270905216,95.2148463016556
"348",55,200,687236579235.834,7095038661402.84,10.3240119571227,113.218546826332
"349",55,250,461613722841.329,7232317962342.07,15.6674674180517,76.0483892654578
"350",55,300,159120703967.324,7263545498426.8,45.648022647753,26.2142840143861
"351",55,350,-65117683986.0795,7173172869920.09,-110.157063808558,-10.7277897835386
"352",55,400,-31288330292.9,7137539662482.61,-228.121462400385,-5.15458489174629
"353",55,450,-48870443881.9235,7143236671543.27,-146.166805621863,-8.05114396736796
"354",55,500,60858591523.9469,7189073112730.64,118.127497411797,10.0261271044394
"355",55,550,130900049621.825,7193594502574.33,54.954864595979,21.5650823100206
"356",55,600,161661556613.526,7247326916222.63,44.8302433060717,26.6328758836121
"357",55,650,126054590993.331,7258246255144.09,57.580181712922,20.7668189445356
"358",55,700,178487859804.202,7242104076406.54,40.5747712160985,29.4049192428668
"359",55,750,94587529295.7744,7296023455266.99,77.1351520606103,15.582789010836
"360",55,800,175782909716.446,7274300976333.92,41.3822992694115,28.9592931987555
"361",55,850,155928781617.296,7453402167897.33,47.8000410866455,25.6884318974128
"362",55,900,71325340762.5112,7508985761712.62,105.277951446667,11.7504680004137
"363",55,950,139297872703.125,7495352707545.55,53.8080916965605,22.9485786990321
"364",55,1000,114389419209.789,7546833792016.62,65.9749288365195,18.8450443508713
"365",50,20,-1660734643130.08,15828630242555.5,-9.53110137614905,-374.883666620785
"366",50,40,-2266368961239.62,14542812652400.8,-6.41678954359065,-511.595702311426
"367",50,60,-2839060081543.86,13406938504356,-4.7223158789459,-640.871350235635
"368",50,80,-1051605372862.8,13968515871922.3,-13.2830396576386,-237.382702677832
"369",50,100,-488432170436.304,13946911746236.3,-28.5544495027383,-110.255568947247
"370",50,120,-984967105324.111,13585750415881.6,-13.7931006451338,-222.340204362102
"371",50,140,-1079950936198.32,14191234912522.2,-13.1406292979185,-243.781249706168
"372",50,160,-881396376686.069,14074498985577.1,-15.9684103064903,-198.960807378345
"373",50,180,-391966579013.297,14299800834757.5,-36.4821941471505,-88.480040409322
"374",50,200,-675428128164.565,14143253908962.3,-20.9396874651871,-152.466846086809
"375",50,250,48476896361.4145,15114508573991.2,311.787876461944,10.9428659958046
"376",50,300,188748042342.581,15334789558194.2,81.2447608349828,42.606781567174
"377",50,350,-364694608935.288,15518153478025.2,-42.5510909616402,-82.3238394887783
"378",50,400,-31207593106.6734,15467985959736.3,-495.648155462161,-7.0446034100843
"379",50,450,468795372542.269,15452845736412,32.9628802703651,105.822883192386
"380",50,500,478013716098.849,15499058478667.2,32.423878137133,107.903773385745
"381",50,550,564705980717.373,15359473277193.1,27.1990625239727,127.473133344779
"382",50,600,822767542003.224,15444025438441.3,18.7708248685153,185.726307449938
"383",50,650,729269902329.984,15282596395607.7,20.9560223818102,164.620745446949
"384",50,700,437703095528.272,15338573038283.9,35.0433277602744,98.804310502996
"385",50,750,448471800751.955,15441437815053.8,34.4312346710831,101.235169469967
"386",50,800,446380032553.093,15399077773102.4,34.497685044348,100.762987032301
"387",50,850,298781946397.078,15309264063116.5,51.2389193782498,67.44513462688
"388",50,900,466479731633.711,15346683344776.8,32.898928515135,105.300165154337
"389",50,950,544174717157.855,15353015525870.6,28.2133936799879,122.838536604482
"390",50,1000,590443357208.207,15351545444396.6,26.0000307514395,133.282924877699
